"TargetFile","Key","SourceEnglish","ProposedMalay","Status","Note"
"lang/ms_MY/projects.lang","RefProject","Ref. project","","missing","Sprint 22C projects.lang + install.lang bulk batch 6"
"lang/ms_MY/projects.lang","ProjectId","Project Id","","missing","Sprint 22C projects.lang + install.lang bulk batch 6"
"lang/ms_MY/projects.lang","ProjectsArea","Projects Area","","missing","Sprint 22C projects.lang + install.lang bulk batch 6"
"lang/ms_MY/projects.lang","SharedProject","Everybody","","missing","Sprint 22C projects.lang + install.lang bulk batch 6"
"lang/ms_MY/projects.lang","PrivateProject","Assigned contacts","","missing","Sprint 22C projects.lang + install.lang bulk batch 6"
"lang/ms_MY/projects.lang","ProjectsImContactFor","Projects for which I am explicitly a contact","","missing","Sprint 22C projects.lang + install.lang bulk batch 6"
"lang/ms_MY/projects.lang","AllAllowedProjects","All project I can read (mine + public)","","missing","Sprint 22C projects.lang + install.lang bulk batch 6"
"lang/ms_MY/projects.lang","AllProjects","All projects","","missing","Sprint 22C projects.lang + install.lang bulk batch 6"
"lang/ms_MY/projects.lang","MyProjectsDesc","This view is limited to the projects that you are a contact for","","missing","Sprint 22C projects.lang + install.lang bulk batch 6"
"lang/ms_MY/projects.lang","ProjectsPublicDesc","This view presents all projects you are allowed to read.","","missing","Sprint 22C projects.lang + install.lang bulk batch 6"
"lang/ms_MY/projects.lang","TasksOnProjectsPublicDesc","This view presents all tasks on projects you are allowed to read.","","missing","Sprint 22C projects.lang + install.lang bulk batch 6"
"lang/ms_MY/projects.lang","ProjectsPublicTaskDesc","This view presents all projects and tasks you are allowed to read.","","missing","Sprint 22C projects.lang + install.lang bulk batch 6"
"lang/ms_MY/projects.lang","ProjectsDesc","This view presents all projects (your user permissions grant you permission to view everything).","","missing","Sprint 22C projects.lang + install.lang bulk batch 6"
"lang/ms_MY/projects.lang","TasksOnProjectsDesc","This view presents all tasks on all projects (your user permissions grant you permission to view everything).","","missing","Sprint 22C projects.lang + install.lang bulk batch 6"
"lang/ms_MY/projects.lang","MyTasksDesc","This view is limited to the projects or tasks that you are a contact for","","missing","Sprint 22C projects.lang + install.lang bulk batch 6"
"lang/ms_MY/projects.lang","OnlyOpenedProject","Only open projects are visible (projects in draft or closed status are not visible).","","missing","Sprint 22C projects.lang + install.lang bulk batch 6"
"lang/ms_MY/projects.lang","ClosedProjectsAreHidden","Closed projects are not visible.","","missing","Sprint 22C projects.lang + install.lang bulk batch 6"
"lang/ms_MY/projects.lang","TasksPublicDesc","This view presents all projects and tasks you are allowed to read.","","missing","Sprint 22C projects.lang + install.lang bulk batch 6"
"lang/ms_MY/projects.lang","TasksDesc","This view presents all projects and tasks (your user permissions grant you permission to view everything).","","missing","Sprint 22C projects.lang + install.lang bulk batch 6"
"lang/ms_MY/projects.lang","AllTaskVisibleButEditIfYouAreAssigned","All tasks for qualified projects are visible, but you can enter time only for task assigned to selected user. Assign task if you need to enter time on it.","","missing","Sprint 22C projects.lang + install.lang bulk batch 6"
"lang/ms_MY/projects.lang","OnlyYourTaskAreVisible","Only tasks assigned to you are visible. If you need to enter time on a task and if the task is not visible here, then you need to assign the task to yourself.","","missing","Sprint 22C projects.lang + install.lang bulk batch 6"
"lang/ms_MY/projects.lang","ImportDatasetProjects","Projects or opportunities","","missing","Sprint 22C projects.lang + install.lang bulk batch 6"
"lang/ms_MY/projects.lang","ImportDatasetTasks","Tasks of projects","","missing","Sprint 22C projects.lang + install.lang bulk batch 6"
"lang/ms_MY/projects.lang","ProjectCategories","Project tags/categories","","missing","Sprint 22C projects.lang + install.lang bulk batch 6"
"lang/ms_MY/projects.lang","DeleteAProject","Delete a project","","missing","Sprint 22C projects.lang + install.lang bulk batch 6"
"lang/ms_MY/projects.lang","DeleteATask","Delete a task","","missing","Sprint 22C projects.lang + install.lang bulk batch 6"
"lang/ms_MY/projects.lang","ConfirmDeleteAProject","Are you sure you want to delete this project?","","missing","Sprint 22C projects.lang + install.lang bulk batch 6"
"lang/ms_MY/projects.lang","ConfirmDeleteATask","Are you sure you want to delete this task?","","missing","Sprint 22C projects.lang + install.lang bulk batch 6"
"lang/ms_MY/projects.lang","OpenedProjects","Open projects","","missing","Sprint 22C projects.lang + install.lang bulk batch 6"
"lang/ms_MY/projects.lang","OpenedProjectsOpportunities","Open opportunities","","missing","Sprint 22C projects.lang + install.lang bulk batch 6"
"lang/ms_MY/projects.lang","OpenedTasks","Open tasks","","missing","Sprint 22C projects.lang + install.lang bulk batch 6"
"lang/ms_MY/projects.lang","OpportunitiesStatusForOpenedProjects","Leads amount of open projects by status","","missing","Sprint 22C projects.lang + install.lang bulk batch 6"
"lang/ms_MY/projects.lang","OpportunitiesStatusForProjects","Leads amount of projects by status","","missing","Sprint 22C projects.lang + install.lang bulk batch 6"
"lang/ms_MY/projects.lang","ShowProject","Show project","","missing","Sprint 22C projects.lang + install.lang bulk batch 6"
"lang/ms_MY/projects.lang","ShowTask","Show task","","missing","Sprint 22C projects.lang + install.lang bulk batch 6"
"lang/ms_MY/projects.lang","SetThirdParty","Set third party","","missing","Sprint 22C projects.lang + install.lang bulk batch 6"
"lang/ms_MY/projects.lang","SetProject","Set project","","missing","Sprint 22C projects.lang + install.lang bulk batch 6"
"lang/ms_MY/projects.lang","OutOfProject","Out of project","","missing","Sprint 22C projects.lang + install.lang bulk batch 6"
"lang/ms_MY/projects.lang","NbOfProjects","Number of projects","","missing","Sprint 22C projects.lang + install.lang bulk batch 6"
"lang/ms_MY/projects.lang","NbOfTasks","Number of tasks","","missing","Sprint 22C projects.lang + install.lang bulk batch 6"
"lang/ms_MY/projects.lang","TimeEntry","Time tracking","","missing","Sprint 22C projects.lang + install.lang bulk batch 6"
"lang/ms_MY/projects.lang","TimeSpent","Time spent","","missing","Sprint 22C projects.lang + install.lang bulk batch 6"
"lang/ms_MY/projects.lang","TimeSpentSmall","Time spent","","missing","Sprint 22C projects.lang + install.lang bulk batch 6"
"lang/ms_MY/projects.lang","TimeSpentByYou","Time spent by you","","missing","Sprint 22C projects.lang + install.lang bulk batch 6"
"lang/ms_MY/projects.lang","TimeSpentByUser","Time spent by user","","missing","Sprint 22C projects.lang + install.lang bulk batch 6"
"lang/ms_MY/projects.lang","TaskId","Task ID","","missing","Sprint 22C projects.lang + install.lang bulk batch 6"
"lang/ms_MY/projects.lang","RefTask","Task ref.","","missing","Sprint 22C projects.lang + install.lang bulk batch 6"
"lang/ms_MY/projects.lang","LabelTask","Task label","","missing","Sprint 22C projects.lang + install.lang bulk batch 6"
"lang/ms_MY/projects.lang","TaskTimeSpent","Time spent on tasks","","missing","Sprint 22C projects.lang + install.lang bulk batch 6"
"lang/ms_MY/projects.lang","TaskTimeUser","User","","missing","Sprint 22C projects.lang + install.lang bulk batch 6"
"lang/ms_MY/projects.lang","TaskTimeNote","Note","","missing","Sprint 22C projects.lang + install.lang bulk batch 6"
"lang/ms_MY/projects.lang","TaskTimeDate","Date","","missing","Sprint 22C projects.lang + install.lang bulk batch 6"
"lang/ms_MY/projects.lang","TasksOnOpenedProject","Tasks on open projects","","missing","Sprint 22C projects.lang + install.lang bulk batch 6"
"lang/ms_MY/projects.lang","WorkloadNotDefined","Workload not defined","","missing","Sprint 22C projects.lang + install.lang bulk batch 6"
"lang/ms_MY/projects.lang","NewTimeSpent","Time spent","","missing","Sprint 22C projects.lang + install.lang bulk batch 6"
"lang/ms_MY/projects.lang","MyTimeSpent","My time spent","","missing","Sprint 22C projects.lang + install.lang bulk batch 6"
"lang/ms_MY/projects.lang","BillTime","Bill the time spent","","missing","Sprint 22C projects.lang + install.lang bulk batch 6"
"lang/ms_MY/projects.lang","BillTimeShort","Bill time","","missing","Sprint 22C projects.lang + install.lang bulk batch 6"
"lang/ms_MY/projects.lang","TimeToBill","Time not billed","","missing","Sprint 22C projects.lang + install.lang bulk batch 6"
"lang/ms_MY/projects.lang","TimeBilled","Time billed","","missing","Sprint 22C projects.lang + install.lang bulk batch 6"
"lang/ms_MY/projects.lang","TaskDateStart","Task start date","","missing","Sprint 22C projects.lang + install.lang bulk batch 6"
"lang/ms_MY/projects.lang","TaskDateEnd","Task end date","","missing","Sprint 22C projects.lang + install.lang bulk batch 6"
"lang/ms_MY/projects.lang","AddTimeSpent","Create time spent","","missing","Sprint 22C projects.lang + install.lang bulk batch 6"
"lang/ms_MY/projects.lang","AddHereTimeSpentForDay","Add here time spent for this day/task","","missing","Sprint 22C projects.lang + install.lang bulk batch 6"
"lang/ms_MY/projects.lang","AddHereTimeSpentForWeek","Add here time spent for this week/task","","missing","Sprint 22C projects.lang + install.lang bulk batch 6"
"lang/ms_MY/projects.lang","Activity","Activity","","missing","Sprint 22C projects.lang + install.lang bulk batch 6"
"lang/ms_MY/projects.lang","Activities","Tasks/activities","","missing","Sprint 22C projects.lang + install.lang bulk batch 6"
"lang/ms_MY/projects.lang","MyActivities","My tasks/activities","","missing","Sprint 22C projects.lang + install.lang bulk batch 6"
"lang/ms_MY/projects.lang","MyProjects","My projects","","missing","Sprint 22C projects.lang + install.lang bulk batch 6"
"lang/ms_MY/projects.lang","MyProjectsArea","My projects Area","","missing","Sprint 22C projects.lang + install.lang bulk batch 6"
"lang/ms_MY/projects.lang","DurationEffective","Effective duration","","missing","Sprint 22C projects.lang + install.lang bulk batch 6"
"lang/ms_MY/projects.lang","ProgressDeclared","Declared real progress","","missing","Sprint 22C projects.lang + install.lang bulk batch 6"
"lang/ms_MY/projects.lang","TaskProgressSummary","Task progress","","missing","Sprint 22C projects.lang + install.lang bulk batch 6"
"lang/ms_MY/projects.lang","CurentlyOpenedTasks","Currently open tasks","","missing","Sprint 22C projects.lang + install.lang bulk batch 6"
"lang/ms_MY/projects.lang","TheReportedProgressIsLessThanTheCalculatedProgressionByX","The declared real progress is less %s than the progress on consumption","","missing","Sprint 22C projects.lang + install.lang bulk batch 6"
"lang/ms_MY/projects.lang","TheReportedProgressIsMoreThanTheCalculatedProgressionByX","The declared real progress is more %s than the progress on consumption","","missing","Sprint 22C projects.lang + install.lang bulk batch 6"
"lang/ms_MY/projects.lang","ProgressCalculated","Progress on consumption","","missing","Sprint 22C projects.lang + install.lang bulk batch 6"
"lang/ms_MY/projects.lang","WhichIamLinkedTo","which I'm linked to","","missing","Sprint 22C projects.lang + install.lang bulk batch 6"
"lang/ms_MY/projects.lang","WhichIamLinkedToProject","which I'm linked to project","","missing","Sprint 22C projects.lang + install.lang bulk batch 6"
"lang/ms_MY/projects.lang","Time","Time","","missing","Sprint 22C projects.lang + install.lang bulk batch 6"
"lang/ms_MY/projects.lang","TimeConsumed","Consumed","","missing","Sprint 22C projects.lang + install.lang bulk batch 6"
"lang/ms_MY/projects.lang","ListOfTasks","List of tasks","","missing","Sprint 22C projects.lang + install.lang bulk batch 6"
"lang/ms_MY/projects.lang","GoToListOfTimeConsumed","Go to list of time consumed","","missing","Sprint 22C projects.lang + install.lang bulk batch 6"
"lang/ms_MY/projects.lang","GanttView","Gantt View","","missing","Sprint 22C projects.lang + install.lang bulk batch 6"
"lang/ms_MY/projects.lang","ListWarehouseAssociatedProject","List of warehouses associated to the project","","missing","Sprint 22C projects.lang + install.lang bulk batch 6"
"lang/ms_MY/projects.lang","ListProposalsAssociatedProject","List of the commercial proposals related to the project","","missing","Sprint 22C projects.lang + install.lang bulk batch 6"
"lang/ms_MY/projects.lang","ListOrdersAssociatedProject","List of sales orders related to the project","","missing","Sprint 22C projects.lang + install.lang bulk batch 6"
"lang/ms_MY/projects.lang","ListInvoicesAssociatedProject","List of customer invoices related to the project","","missing","Sprint 22C projects.lang + install.lang bulk batch 6"
"lang/ms_MY/projects.lang","ListPredefinedInvoicesAssociatedProject","List of customer template invoices related to the project","","missing","Sprint 22C projects.lang + install.lang bulk batch 6"
"lang/ms_MY/projects.lang","ListSupplierOrdersAssociatedProject","List of purchase orders related to the project","","missing","Sprint 22C projects.lang + install.lang bulk batch 6"
"lang/ms_MY/projects.lang","ListSupplierInvoicesAssociatedProject","List of vendor invoices related to the project","","missing","Sprint 22C projects.lang + install.lang bulk batch 6"
"lang/ms_MY/projects.lang","ListContractAssociatedProject","List of contracts related to the project","","missing","Sprint 22C projects.lang + install.lang bulk batch 6"
"lang/ms_MY/projects.lang","ListShippingAssociatedProject","List of shippings related to the project","","missing","Sprint 22C projects.lang + install.lang bulk batch 6"
"lang/ms_MY/projects.lang","ListFichinterAssociatedProject","List of interventions related to the project","","missing","Sprint 22C projects.lang + install.lang bulk batch 6"
"lang/ms_MY/projects.lang","ListExpenseReportsAssociatedProject","List of expense reports related to the project","","missing","Sprint 22C projects.lang + install.lang bulk batch 6"
"lang/ms_MY/projects.lang","ListDonationsAssociatedProject","List of donations related to the project","","missing","Sprint 22C projects.lang + install.lang bulk batch 6"
"lang/ms_MY/projects.lang","ListVariousPaymentsAssociatedProject","List of miscellaneous payments related to the project","","missing","Sprint 22C projects.lang + install.lang bulk batch 6"
"lang/ms_MY/projects.lang","ListSalariesAssociatedProject","List of payments of salaries related to the project","","missing","Sprint 22C projects.lang + install.lang bulk batch 6"
"lang/ms_MY/projects.lang","ListActionsAssociatedProject","List of events related to the project","","missing","Sprint 22C projects.lang + install.lang bulk batch 6"
"lang/ms_MY/projects.lang","ListMOAssociatedProject","List of manufacturing orders related to the project","","missing","Sprint 22C projects.lang + install.lang bulk batch 6"
"lang/ms_MY/projects.lang","ListTaskTimeUserProject","List of time consumed on tasks of project","","missing","Sprint 22C projects.lang + install.lang bulk batch 6"
"lang/ms_MY/projects.lang","ListTaskTimeForTask","List of time consumed on task","","missing","Sprint 22C projects.lang + install.lang bulk batch 6"
"lang/ms_MY/projects.lang","ActivityOnProjectToday","Activity on project today","","missing","Sprint 22C projects.lang + install.lang bulk batch 6"
"lang/ms_MY/projects.lang","ActivityOnProjectYesterday","Activity on project yesterday","","missing","Sprint 22C projects.lang + install.lang bulk batch 6"
"lang/ms_MY/projects.lang","ActivityOnProjectThisWeek","Activity on project this week","","missing","Sprint 22C projects.lang + install.lang bulk batch 6"
"lang/ms_MY/projects.lang","ActivityOnProjectThisMonth","Activity on project this month","","missing","Sprint 22C projects.lang + install.lang bulk batch 6"
"lang/ms_MY/projects.lang","ActivityOnProjectThisYear","Activity on project this year","","missing","Sprint 22C projects.lang + install.lang bulk batch 6"
"lang/ms_MY/projects.lang","ChildOfProjectTask","Child of project/task","","missing","Sprint 22C projects.lang + install.lang bulk batch 6"
"lang/ms_MY/projects.lang","ChildOfTask","Child of task","","missing","Sprint 22C projects.lang + install.lang bulk batch 6"
"lang/ms_MY/projects.lang","TaskHasChild","Task has child","","missing","Sprint 22C projects.lang + install.lang bulk batch 6"
"lang/ms_MY/projects.lang","ParentTask","Parent task","","missing","Sprint 22C projects.lang + install.lang bulk batch 6"
"lang/ms_MY/projects.lang","NotOwnerOfProject","Not owner of this private project","","missing","Sprint 22C projects.lang + install.lang bulk batch 6"
"lang/ms_MY/projects.lang","AffectedTo","Allocated to","","missing","Sprint 22C projects.lang + install.lang bulk batch 6"
"lang/ms_MY/projects.lang","CantRemoveProject","This project can't be removed as it is referenced by some other objects (invoice, orders or other). See tab '%s'.","","missing","Sprint 22C projects.lang + install.lang bulk batch 6"
"lang/ms_MY/projects.lang","ConfirmValidateProject","Are you sure you want to validate this project?","","missing","Sprint 22C projects.lang + install.lang bulk batch 6"
"lang/ms_MY/projects.lang","CloseAProject","Close project","","missing","Sprint 22C projects.lang + install.lang bulk batch 6"
"lang/ms_MY/projects.lang","ConfirmCloseAProject","Are you sure you want to close this project?","","missing","Sprint 22C projects.lang + install.lang bulk batch 6"
"lang/ms_MY/projects.lang","AlsoCloseAProject","Also close project","","missing","Sprint 22C projects.lang + install.lang bulk batch 6"
"lang/ms_MY/projects.lang","AlsoCloseAProjectTooltip","Keep it open if you still need to follow production tasks on it","","missing","Sprint 22C projects.lang + install.lang bulk batch 6"
"lang/ms_MY/projects.lang","ReOpenAProject","Open project","","missing","Sprint 22C projects.lang + install.lang bulk batch 6"
"lang/ms_MY/projects.lang","ConfirmReOpenAProject","Are you sure you want to re-open this project?","","missing","Sprint 22C projects.lang + install.lang bulk batch 6"
"lang/ms_MY/projects.lang","ProjectContact","Contacts of project","","missing","Sprint 22C projects.lang + install.lang bulk batch 6"
"lang/ms_MY/projects.lang","ProjectContactTypeManager","Assign me as contact with the type","","missing","Sprint 22C projects.lang + install.lang bulk batch 6"
"lang/ms_MY/projects.lang","TaskContact","Task contacts","","missing","Sprint 22C projects.lang + install.lang bulk batch 6"
"lang/ms_MY/projects.lang","ActionsOnProject","Events on project","","missing","Sprint 22C projects.lang + install.lang bulk batch 6"
"lang/ms_MY/projects.lang","YouAreNotContactOfProject","You are not a contact of this private project","","missing","Sprint 22C projects.lang + install.lang bulk batch 6"
"lang/ms_MY/projects.lang","UserIsNotContactOfProject","User is not a contact of this private project","","missing","Sprint 22C projects.lang + install.lang bulk batch 6"
"lang/ms_MY/projects.lang","DeleteATimeSpent","Delete time spent","","missing","Sprint 22C projects.lang + install.lang bulk batch 6"
"lang/ms_MY/projects.lang","ConfirmDeleteATimeSpent","Are you sure you want to delete this time spent?","","missing","Sprint 22C projects.lang + install.lang bulk batch 6"
"lang/ms_MY/projects.lang","DoNotShowMyTasksOnly","See also tasks not assigned to me","","missing","Sprint 22C projects.lang + install.lang bulk batch 6"
"lang/ms_MY/projects.lang","ShowMyTasksOnly","View only tasks assigned to me","","missing","Sprint 22C projects.lang + install.lang bulk batch 6"
"lang/ms_MY/projects.lang","TaskRessourceLinks","Contacts of task","","missing","Sprint 22C projects.lang + install.lang bulk batch 6"
"lang/ms_MY/projects.lang","ProjectsDedicatedToThisThirdParty","Projects dedicated to this third party","","missing","Sprint 22C projects.lang + install.lang bulk batch 6"
"lang/ms_MY/projects.lang","ProjectsLinkedToThisThirdParty","Projects having a contact that is a contact of the third party","","missing","Sprint 22C projects.lang + install.lang bulk batch 6"
"lang/ms_MY/projects.lang","NoTasks","No tasks for this project","","missing","Sprint 22C projects.lang + install.lang bulk batch 6"
"lang/ms_MY/projects.lang","LinkedToAnotherCompany","Linked to other third party","","missing","Sprint 22C projects.lang + install.lang bulk batch 6"
"lang/ms_MY/projects.lang","TaskIsNotAssignedToUser","Task not assigned to user. Use button '<strong>%s</strong>' to assign task now.","","missing","Sprint 22C projects.lang + install.lang bulk batch 6"
"lang/ms_MY/projects.lang","ErrorTimeSpentIsEmpty","Time spent is empty","","missing","Sprint 22C projects.lang + install.lang bulk batch 6"
"lang/ms_MY/projects.lang","TimeRecordingRestrictedToNMonthsBack","Time recording is restricted to %s months back","","missing","Sprint 22C projects.lang + install.lang bulk batch 6"
"lang/ms_MY/projects.lang","ThisWillAlsoRemoveTasks","This action will also delete all tasks of project (<b>%s</b> tasks at the moment) and all inputs of time spent.","","missing","Sprint 22C projects.lang + install.lang bulk batch 6"
"lang/ms_MY/projects.lang","IfNeedToUseOtherObjectKeepEmpty","If some objects (invoice, order, ...), belonging to another third party, must be linked to the project to create, keep this empty to have the project being multi third parties.","","missing","Sprint 22C projects.lang + install.lang bulk batch 6"
"lang/ms_MY/projects.lang","CloneTasks","Clone tasks","","missing","Sprint 22C projects.lang + install.lang bulk batch 6"
"lang/ms_MY/projects.lang","CloneContacts","Clone contacts","","missing","Sprint 22C projects.lang + install.lang bulk batch 6"
"lang/ms_MY/projects.lang","CloneNotes","Clone notes","","missing","Sprint 22C projects.lang + install.lang bulk batch 6"
"lang/ms_MY/projects.lang","CloneProjectFiles","Clone project joined files","","missing","Sprint 22C projects.lang + install.lang bulk batch 6"
"lang/ms_MY/projects.lang","CloneTaskFiles","Clone task(s) joined files (if task(s) cloned)","","missing","Sprint 22C projects.lang + install.lang bulk batch 6"
"lang/ms_MY/projects.lang","CloneMoveDate","Update project/tasks dates from now?","","missing","Sprint 22C projects.lang + install.lang bulk batch 6"
"lang/ms_MY/projects.lang","ConfirmCloneProject","Are you sure to clone this project?","","missing","Sprint 22C projects.lang + install.lang bulk batch 6"
"lang/ms_MY/projects.lang","ProjectReportDate","Change task dates according to new project start date","","missing","Sprint 22C projects.lang + install.lang bulk batch 6"
"lang/ms_MY/projects.lang","ErrorShiftTaskDate","Impossible to shift task date according to new project start date","","missing","Sprint 22C projects.lang + install.lang bulk batch 6"
"lang/ms_MY/projects.lang","ProjectsAndTasksLines","Projects and tasks","","missing","Sprint 22C projects.lang + install.lang bulk batch 6"
"lang/ms_MY/projects.lang","ProjectCreatedInDolibarr","Project %s created","","missing","Sprint 22C projects.lang + install.lang bulk batch 6"
"lang/ms_MY/projects.lang","ProjectValidatedInDolibarr","Project %s validated","","missing","Sprint 22C projects.lang + install.lang bulk batch 6"
"lang/ms_MY/projects.lang","ProjectModifiedInDolibarr","Project %s modified","","missing","Sprint 22C projects.lang + install.lang bulk batch 6"
"lang/ms_MY/projects.lang","TaskCreatedInDolibarr","Task %s created","","missing","Sprint 22C projects.lang + install.lang bulk batch 6"
"lang/ms_MY/projects.lang","TaskModifiedInDolibarr","Task %s modified","","missing","Sprint 22C projects.lang + install.lang bulk batch 6"
"lang/ms_MY/projects.lang","TaskDeletedInDolibarr","Task %s deleted","","missing","Sprint 22C projects.lang + install.lang bulk batch 6"
"lang/ms_MY/projects.lang","OpportunityStatus","Lead status","","missing","Sprint 22C projects.lang + install.lang bulk batch 6"
"lang/ms_MY/projects.lang","OpportunityStatusShort","Lead status","","missing","Sprint 22C projects.lang + install.lang bulk batch 6"
"lang/ms_MY/projects.lang","OpportunityProbability","Lead probability","","missing","Sprint 22C projects.lang + install.lang bulk batch 6"
"lang/ms_MY/projects.lang","OpportunityProbabilityShort","Lead probab.","","missing","Sprint 22C projects.lang + install.lang bulk batch 6"
"lang/ms_MY/projects.lang","OpportunityAmount","Lead amount","","missing","Sprint 22C projects.lang + install.lang bulk batch 6"
"lang/ms_MY/projects.lang","OpportunityAmountShort","Lead amount","","missing","Sprint 22C projects.lang + install.lang bulk batch 6"
"lang/ms_MY/projects.lang","OpportunityWeightedAmount","Amount of opportunity, weighted by probability","","missing","Sprint 22C projects.lang + install.lang bulk batch 6"
"lang/ms_MY/projects.lang","OpportunityWeightedAmountShort","Opp. weighted amount","","missing","Sprint 22C projects.lang + install.lang bulk batch 6"
"lang/ms_MY/projects.lang","OpportunityAmountAverageShort","Average lead amount","","missing","Sprint 22C projects.lang + install.lang bulk batch 6"
"lang/ms_MY/projects.lang","OpportunityAmountWeigthedShort","Weighted lead amount","","missing","Sprint 22C projects.lang + install.lang bulk batch 6"
"lang/ms_MY/projects.lang","WonLostExcluded","Won/Lost excluded","","missing","Sprint 22C projects.lang + install.lang bulk batch 6"
"lang/ms_MY/projects.lang","TypeContact_project_internal_PROJECTLEADER","Project leader","","missing","Sprint 22C projects.lang + install.lang bulk batch 6"
"lang/ms_MY/projects.lang","TypeContact_project_external_PROJECTLEADER","Project leader","","missing","Sprint 22C projects.lang + install.lang bulk batch 6"
"lang/ms_MY/projects.lang","TypeContact_project_internal_PROJECTCONTRIBUTOR","Contributor","","missing","Sprint 22C projects.lang + install.lang bulk batch 6"
"lang/ms_MY/projects.lang","TypeContact_project_external_PROJECTCONTRIBUTOR","Contributor","","missing","Sprint 22C projects.lang + install.lang bulk batch 6"
"lang/ms_MY/projects.lang","TypeContact_project_task_internal_TASKEXECUTIVE","Task executive","","missing","Sprint 22C projects.lang + install.lang bulk batch 6"
"lang/ms_MY/projects.lang","TypeContact_project_task_external_TASKEXECUTIVE","Task executive","","missing","Sprint 22C projects.lang + install.lang bulk batch 6"
"lang/ms_MY/projects.lang","TypeContact_project_task_internal_TASKCONTRIBUTOR","Contributor","","missing","Sprint 22C projects.lang + install.lang bulk batch 6"
"lang/ms_MY/projects.lang","TypeContact_project_task_external_TASKCONTRIBUTOR","Contributor","","missing","Sprint 22C projects.lang + install.lang bulk batch 6"
"lang/ms_MY/projects.lang","SelectElement","Select element","","missing","Sprint 22C projects.lang + install.lang bulk batch 6"
"lang/ms_MY/projects.lang","AddElement","Link to element","","missing","Sprint 22C projects.lang + install.lang bulk batch 6"
"lang/ms_MY/projects.lang","LinkToElementShort","Link to","","missing","Sprint 22C projects.lang + install.lang bulk batch 6"
"lang/ms_MY/projects.lang","DocumentModelBeluga","Project document template for linked objects overview","","missing","Sprint 22C projects.lang + install.lang bulk batch 6"
"lang/ms_MY/projects.lang","DocumentModelBaleine","Project document template for tasks","","missing","Sprint 22C projects.lang + install.lang bulk batch 6"
"lang/ms_MY/projects.lang","DocumentModelTimeSpent","Project report template for time spent","","missing","Sprint 22C projects.lang + install.lang bulk batch 6"
"lang/ms_MY/projects.lang","PlannedWorkload","Planned workload","","missing","Sprint 22C projects.lang + install.lang bulk batch 6"
"lang/ms_MY/projects.lang","PlannedWorkloadShort","Workload","","missing","Sprint 22C projects.lang + install.lang bulk batch 6"
"lang/ms_MY/projects.lang","ProjectReferers","Related items","","missing","Sprint 22C projects.lang + install.lang bulk batch 6"
"lang/ms_MY/projects.lang","ProjectMustBeValidatedFirst","Project must be validated first","","missing","Sprint 22C projects.lang + install.lang bulk batch 6"
"lang/ms_MY/projects.lang","MustBeValidatedToBeSigned","%s must be validated first to be set to Signed.","","missing","Sprint 22C projects.lang + install.lang bulk batch 6"
"lang/ms_MY/projects.lang","FirstAddRessourceToAllocateTime","Assign a user resource as contact of project to allocate time","","missing","Sprint 22C projects.lang + install.lang bulk batch 6"
"lang/ms_MY/projects.lang","InputPerDay","Input per day","","missing","Sprint 22C projects.lang + install.lang bulk batch 6"
"lang/ms_MY/projects.lang","InputPerWeek","Input per week","","missing","Sprint 22C projects.lang + install.lang bulk batch 6"
"lang/ms_MY/projects.lang","InputPerMonth","Input per month","","missing","Sprint 22C projects.lang + install.lang bulk batch 6"
"lang/ms_MY/projects.lang","InputDetail","Input detail","","missing","Sprint 22C projects.lang + install.lang bulk batch 6"
"lang/ms_MY/projects.lang","TimeAlreadyRecorded","This is time spent already recorded for this task/day and user %s","","missing","Sprint 22C projects.lang + install.lang bulk batch 6"
"lang/ms_MY/projects.lang","ProjectsWithThisUserAsContact","Projects assigned to this user","","missing","Sprint 22C projects.lang + install.lang bulk batch 6"
"lang/ms_MY/projects.lang","ProjectsWithThisContact","Projects assigned to this third-party contact","","missing","Sprint 22C projects.lang + install.lang bulk batch 6"
"lang/ms_MY/projects.lang","TasksWithThisUserAsContact","Tasks assigned to this user","","missing","Sprint 22C projects.lang + install.lang bulk batch 6"
"lang/ms_MY/projects.lang","ResourceNotAssignedToProject","Not assigned to project","","missing","Sprint 22C projects.lang + install.lang bulk batch 6"
"lang/ms_MY/projects.lang","ResourceNotAssignedToTheTask","Not assigned to the task","","missing","Sprint 22C projects.lang + install.lang bulk batch 6"
"lang/ms_MY/projects.lang","NoUserAssignedToTheProject","No users assigned to this project","","missing","Sprint 22C projects.lang + install.lang bulk batch 6"
"lang/ms_MY/projects.lang","TimeSpentBy","Time spent by","","missing","Sprint 22C projects.lang + install.lang bulk batch 6"
"lang/ms_MY/projects.lang","TasksAssignedTo","Tasks assigned to","","missing","Sprint 22C projects.lang + install.lang bulk batch 6"
"lang/ms_MY/projects.lang","AssignTaskToMe","Assign task to myself","","missing","Sprint 22C projects.lang + install.lang bulk batch 6"
"lang/ms_MY/projects.lang","AssignTaskToUser","Assign task to %s","","missing","Sprint 22C projects.lang + install.lang bulk batch 6"
"lang/ms_MY/projects.lang","SelectTaskToAssign","Select a task to assign...","","missing","Sprint 22C projects.lang + install.lang bulk batch 6"
"lang/ms_MY/projects.lang","SelectAProjectFirst","Select a project first...","","missing","Sprint 22C projects.lang + install.lang bulk batch 6"
"lang/ms_MY/projects.lang","AssignTask","Assign","","missing","Sprint 22C projects.lang + install.lang bulk batch 6"
"lang/ms_MY/projects.lang","ManageTasks","Use projects to follow tasks and/or report time spent (timesheets)","","missing","Sprint 22C projects.lang + install.lang bulk batch 6"
"lang/ms_MY/projects.lang","ManageOpportunitiesStatus","Use projects to follow leads/opportinuties","","missing","Sprint 22C projects.lang + install.lang bulk batch 6"
"lang/ms_MY/projects.lang","ProjectNbProject","Number of projects","","missing","Sprint 22C projects.lang + install.lang bulk batch 6"
"lang/ms_MY/projects.lang","ProjectNbTask","Number of tasks","","missing","Sprint 22C projects.lang + install.lang bulk batch 6"
"lang/ms_MY/projects.lang","ProjectNbProjectByMonth","No. of created projects by month","","missing","Sprint 22C projects.lang + install.lang bulk batch 6"
"lang/ms_MY/projects.lang","ProjectNbTaskByMonth","No. of created tasks by month","","missing","Sprint 22C projects.lang + install.lang bulk batch 6"
"lang/ms_MY/projects.lang","ProjectOppAmountOfProjectsByMonth","Amount of leads by month","","missing","Sprint 22C projects.lang + install.lang bulk batch 6"
"lang/ms_MY/projects.lang","ProjectWeightedOppAmountOfProjectsByMonth","Weighted amount of leads by month","","missing","Sprint 22C projects.lang + install.lang bulk batch 6"
"lang/ms_MY/projects.lang","ProjectOpenedProjectByOppStatus","Open project|lead by lead status","","missing","Sprint 22C projects.lang + install.lang bulk batch 6"
"lang/ms_MY/projects.lang","ProjectsStatistics","Statistics on projects or leads","","missing","Sprint 22C projects.lang + install.lang bulk batch 6"
"lang/ms_MY/projects.lang","TasksStatistics","Statistics on tasks of projects or leads","","missing","Sprint 22C projects.lang + install.lang bulk batch 6"
"lang/ms_MY/projects.lang","TaskAssignedToEnterTime","Task assigned. Entering time on this task should be possible.","","missing","Sprint 22C projects.lang + install.lang bulk batch 6"
"lang/ms_MY/projects.lang","IdTaskTime","Id task time","","missing","Sprint 22C projects.lang + install.lang bulk batch 6"
"lang/ms_MY/projects.lang","YouCanCompleteRef","If you want to complete the ref with some suffix, it is recommended to add a - character to separate it, so the automatic numbering will still work correctly for next projects. For example %s-MYSUFFIX","","missing","Sprint 22C projects.lang + install.lang bulk batch 6"
"lang/ms_MY/projects.lang","OpenedProjectsByThirdparties","Open projects by third parties","","missing","Sprint 22C projects.lang + install.lang bulk batch 6"
"lang/ms_MY/projects.lang","Opportunities","Leads","","missing","Sprint 22C projects.lang + install.lang bulk batch 6"
"lang/ms_MY/projects.lang","OnlyOpportunitiesShort","Only leads","","missing","Sprint 22C projects.lang + install.lang bulk batch 6"
"lang/ms_MY/projects.lang","OpenedOpportunitiesShort","Open leads","","missing","Sprint 22C projects.lang + install.lang bulk batch 6"
"lang/ms_MY/projects.lang","NotOpenedOpportunitiesShort","Not an open lead","","missing","Sprint 22C projects.lang + install.lang bulk batch 6"
"lang/ms_MY/projects.lang","NotAnOpportunityShort","Not a lead","","missing","Sprint 22C projects.lang + install.lang bulk batch 6"
"lang/ms_MY/projects.lang","OpportunityTotalAmount","Total amount of leads","","missing","Sprint 22C projects.lang + install.lang bulk batch 6"
"lang/ms_MY/projects.lang","OpportunityPonderatedAmount","Weighted amount of leads","","missing","Sprint 22C projects.lang + install.lang bulk batch 6"
"lang/ms_MY/projects.lang","OpportunityPonderatedAmountDesc","Leads amount weighted with probability","","missing","Sprint 22C projects.lang + install.lang bulk batch 6"
"lang/ms_MY/projects.lang","OppStatusPROSP","Prospection","","missing","Sprint 22C projects.lang + install.lang bulk batch 6"
"lang/ms_MY/projects.lang","OppStatusQUAL","Qualification","","missing","Sprint 22C projects.lang + install.lang bulk batch 6"
"lang/ms_MY/projects.lang","OppStatusPROPO","Proposal","","missing","Sprint 22C projects.lang + install.lang bulk batch 6"
"lang/ms_MY/projects.lang","OppStatusNEGO","Negotiation","","missing","Sprint 22C projects.lang + install.lang bulk batch 6"
"lang/ms_MY/projects.lang","OppStatusPENDING","Pending","","missing","Sprint 22C projects.lang + install.lang bulk batch 6"
"lang/ms_MY/projects.lang","OppStatusWON","Won","","missing","Sprint 22C projects.lang + install.lang bulk batch 6"
"lang/ms_MY/projects.lang","OppStatusLOST","Lost","","missing","Sprint 22C projects.lang + install.lang bulk batch 6"
"lang/ms_MY/projects.lang","AllowToLinkFromOtherCompany","Allow to link an element with a project of other company<br><br><u>Supported values:</u><br>- Keep empty: Can link elements with any projects in the same company (default)<br>- ""all"": Can link elements with any projects, even projects of other companies<br>- A list of third-party ids separated by commas: can link elements with any projects of these third partys (Example: 123,4795,53)<br>","","missing","Sprint 22C projects.lang + install.lang bulk batch 6"
"lang/ms_MY/projects.lang","LatestProjects","Latest %s projects","","missing","Sprint 22C projects.lang + install.lang bulk batch 6"
"lang/ms_MY/projects.lang","LatestModifiedProjects","Latest %s modified projects","","missing","Sprint 22C projects.lang + install.lang bulk batch 6"
"lang/ms_MY/projects.lang","OtherFilteredTasks","Other filtered tasks","","missing","Sprint 22C projects.lang + install.lang bulk batch 6"
"lang/ms_MY/projects.lang","NoAssignedTasks","No assigned tasks found (assign project/tasks to the current user from the top select box to enter time on it)","","missing","Sprint 22C projects.lang + install.lang bulk batch 6"
"lang/ms_MY/projects.lang","ThirdPartyRequiredToGenerateIntervention","A third party must be defined on project to be able to create intervention.","","missing","Sprint 22C projects.lang + install.lang bulk batch 6"
"lang/ms_MY/projects.lang","ThirdPartyRequiredToGenerateInvoice","A third party must be defined on project to be able to invoice it.","","missing","Sprint 22C projects.lang + install.lang bulk batch 6"
"lang/ms_MY/projects.lang","ChooseANotYetAssignedTask","Choose a task not yet assigned to you","","missing","Sprint 22C projects.lang + install.lang bulk batch 6"
"lang/ms_MY/projects.lang","AllowCommentOnTask","Allow user comments on tasks","","missing","Sprint 22C projects.lang + install.lang bulk batch 6"
"lang/ms_MY/projects.lang","AllowCommentOnProject","Allow user comments on projects","","missing","Sprint 22C projects.lang + install.lang bulk batch 6"
"lang/ms_MY/projects.lang","DontHavePermissionForCloseProject","You do not have permissions to close the project %s","","missing","Sprint 22C projects.lang + install.lang bulk batch 6"
"lang/ms_MY/projects.lang","DontHaveTheValidateStatus","The project %s must be open to be closed","","missing","Sprint 22C projects.lang + install.lang bulk batch 6"
"lang/ms_MY/projects.lang","RecordsClosed","%s project(s) closed","","missing","Sprint 22C projects.lang + install.lang bulk batch 6"
"lang/ms_MY/projects.lang","SendProjectRef","Information project %s","","missing","Sprint 22C projects.lang + install.lang bulk batch 6"
"lang/ms_MY/projects.lang","ModuleSalaryToDefineHourlyRateMustBeEnabled","Module 'Salaries' must be enabled to define employee hourly rate to have time spent valorized","","missing","Sprint 22C projects.lang + install.lang bulk batch 6"
"lang/ms_MY/projects.lang","NewTaskRefSuggested","Task ref already used, a new task ref is required","","missing","Sprint 22C projects.lang + install.lang bulk batch 6"
"lang/ms_MY/projects.lang","NumberOfTasksCloned","%s task(s) cloned","","missing","Sprint 22C projects.lang + install.lang bulk batch 6"
"lang/ms_MY/projects.lang","TimeSpentInvoiced","Time spent billed","","missing","Sprint 22C projects.lang + install.lang bulk batch 6"
"lang/ms_MY/projects.lang","TimeSpentForIntervention","Time spent","","missing","Sprint 22C projects.lang + install.lang bulk batch 6"
"lang/ms_MY/projects.lang","TimeSpentForInvoice","Time spent","","missing","Sprint 22C projects.lang + install.lang bulk batch 6"
"lang/ms_MY/projects.lang","OneLinePerUser","One line per user","","missing","Sprint 22C projects.lang + install.lang bulk batch 6"
"lang/ms_MY/projects.lang","ServiceToUseOnLines","Service to use on lines by default","","missing","Sprint 22C projects.lang + install.lang bulk batch 6"
"lang/ms_MY/projects.lang","InvoiceGeneratedFromTimeSpent","Invoice %s has been generated from time spent on project","","missing","Sprint 22C projects.lang + install.lang bulk batch 6"
"lang/ms_MY/projects.lang","InterventionGeneratedFromTimeSpent","Intervention %s has been generated from time spent on project","","missing","Sprint 22C projects.lang + install.lang bulk batch 6"
"lang/ms_MY/projects.lang","ProjectBillTimeDescription","Check if you enter timesheet on tasks of project AND you plan to generate invoice(s) from the timesheet to bill the customer of the project (do not check if you plan to create invoice that is not based on entered timesheets). Note: To generate invoice, go on tab 'Time spent' of the project and select lines to include.","","missing","Sprint 22C projects.lang + install.lang bulk batch 6"
"lang/ms_MY/projects.lang","ProjectFollowOpportunity","Follow opportunity","","missing","Sprint 22C projects.lang + install.lang bulk batch 6"
"lang/ms_MY/projects.lang","ProjectFollowTasks","Follow tasks or time spent","","missing","Sprint 22C projects.lang + install.lang bulk batch 6"
"lang/ms_MY/projects.lang","Usage","Usage","","missing","Sprint 22C projects.lang + install.lang bulk batch 6"
"lang/ms_MY/projects.lang","UsageOpportunity","Usage: Opportunity","","missing","Sprint 22C projects.lang + install.lang bulk batch 6"
"lang/ms_MY/projects.lang","UsageTasks","Usage: Tasks","","missing","Sprint 22C projects.lang + install.lang bulk batch 6"
"lang/ms_MY/projects.lang","UsageBillTimeShort","Usage: Bill time","","missing","Sprint 22C projects.lang + install.lang bulk batch 6"
"lang/ms_MY/projects.lang","InvoiceToUse","Draft invoice to use","","missing","Sprint 22C projects.lang + install.lang bulk batch 6"
"lang/ms_MY/projects.lang","InterToUse","Draft intervention to use","","missing","Sprint 22C projects.lang + install.lang bulk batch 6"
"lang/ms_MY/projects.lang","NewInvoice","New invoice","","missing","Sprint 22C projects.lang + install.lang bulk batch 6"
"lang/ms_MY/projects.lang","NewInter","New intervention","","missing","Sprint 22C projects.lang + install.lang bulk batch 6"
"lang/ms_MY/projects.lang","OneLinePerTask","One line per task","","missing","Sprint 22C projects.lang + install.lang bulk batch 6"
"lang/ms_MY/projects.lang","OneLinePerPeriod","One line per period","","missing","Sprint 22C projects.lang + install.lang bulk batch 6"
"lang/ms_MY/projects.lang","OneLinePerTimeSpentLine","One line for each time spent declaration","","missing","Sprint 22C projects.lang + install.lang bulk batch 6"
"lang/ms_MY/projects.lang","AddDetailDateAndDuration","With date and duration into line description","","missing","Sprint 22C projects.lang + install.lang bulk batch 6"
"lang/ms_MY/projects.lang","RefTaskParent","Ref. Parent Task","","missing","Sprint 22C projects.lang + install.lang bulk batch 6"
"lang/ms_MY/projects.lang","ProfitIsCalculatedWith","Profit is calculated using","","missing","Sprint 22C projects.lang + install.lang bulk batch 6"
"lang/ms_MY/projects.lang","AddPersonToTask","Add also to tasks","","missing","Sprint 22C projects.lang + install.lang bulk batch 6"
"lang/ms_MY/projects.lang","UsageOrganizeEvent","Usage: Event Organization","","missing","Sprint 22C projects.lang + install.lang bulk batch 6"
"lang/ms_MY/projects.lang","PROJECT_CLASSIFY_CLOSED_WHEN_ALL_TASKS_DONE","Classify project as closed when all its tasks are completed (100%% progress)","","missing","Sprint 22C projects.lang + install.lang bulk batch 6"
"lang/ms_MY/projects.lang","PROJECT_CLASSIFY_CLOSED_WHEN_ALL_TASKS_DONE_help","Note: existing projects with all tasks already set to a progress of 100 %% won't be affected: you will have to close them manually. This option only affects open projects.","","missing","Sprint 22C projects.lang + install.lang bulk batch 6"
"lang/ms_MY/projects.lang","SelectLinesOfTimeSpentToInvoice","Select lines of time spent that are unbilled, then bulk action ""Generate Invoice"" to bill them","","missing","Sprint 22C projects.lang + install.lang bulk batch 6"
"lang/ms_MY/projects.lang","ProjectTasksWithoutTimeSpent","Project tasks without time spent","","missing","Sprint 22C projects.lang + install.lang bulk batch 6"
"lang/ms_MY/projects.lang","FormForNewLeadDesc","Thanks to fill the following form to contact us. You can also send us an email directly to <b>%s</b>.","","missing","Sprint 22C projects.lang + install.lang bulk batch 6"
"lang/ms_MY/projects.lang","ProjectsHavingThisContact","Projects having this contact","","missing","Sprint 22C projects.lang + install.lang bulk batch 6"
"lang/ms_MY/projects.lang","StartDateCannotBeAfterEndDate","End date cannot be before start date","","missing","Sprint 22C projects.lang + install.lang bulk batch 6"
"lang/ms_MY/projects.lang","ErrorPROJECTLEADERRoleMissingRestoreIt","The ""PROJECTLEADER"" role is missing or has been de-activited, please restore in the dictionary of contact types","","missing","Sprint 22C projects.lang + install.lang bulk batch 6"
"lang/ms_MY/projects.lang","LeadPublicFormDesc","You can enable here a public page to allow your prospects to make a first contact to you from a public online form","","missing","Sprint 22C projects.lang + install.lang bulk batch 6"
"lang/ms_MY/projects.lang","EnablePublicLeadForm","Enable the public form for contact","","missing","Sprint 22C projects.lang + install.lang bulk batch 6"
"lang/ms_MY/projects.lang","NewLeadbyWeb","Your message or request has been recorded. We will answer or contact your soon.","","missing","Sprint 22C projects.lang + install.lang bulk batch 6"
"lang/ms_MY/projects.lang","NewLeadForm","New contact form","","missing","Sprint 22C projects.lang + install.lang bulk batch 6"
"lang/ms_MY/projects.lang","LeadFromPublicForm","Online lead from public form","","missing","Sprint 22C projects.lang + install.lang bulk batch 6"
"lang/ms_MY/projects.lang","ExportAccountingReportButtonLabel","Get report","","missing","Sprint 22C projects.lang + install.lang bulk batch 6"
"lang/ms_MY/projects.lang","MergeOriginTask","Duplicated task (the task you want to delete)","","missing","Sprint 22C projects.lang + install.lang bulk batch 6"
"lang/ms_MY/projects.lang","ConfirmMergeTasks","Are you sure you want to merge the chosen task with the current one? All linked objects (time spent, invoices, ...) will be moved to the current task, after which the chosen task will be deleted.","","missing","Sprint 22C projects.lang + install.lang bulk batch 6"
"lang/ms_MY/projects.lang","MergeTasks","Merge tasks","","missing","Sprint 22C projects.lang + install.lang bulk batch 6"
"lang/ms_MY/projects.lang","TaskMergeSuccess","Tasks have been merged","","missing","Sprint 22C projects.lang + install.lang bulk batch 6"
"lang/ms_MY/projects.lang","ErrorTaskIdIsMandatory","Error: Task id is mandatory","","missing","Sprint 22C projects.lang + install.lang bulk batch 6"
"lang/ms_MY/projects.lang","ErrorsTaskMerge","An error occurred while merging tasks","","missing","Sprint 22C projects.lang + install.lang bulk batch 6"
"lang/ms_MY/projects.lang","Billable "," Billable","","missing","Sprint 22C projects.lang + install.lang bulk batch 6"
"lang/ms_MY/projects.lang","ConfirmCloseTask","Are you sure you want to close this task ?","","missing","Sprint 22C projects.lang + install.lang bulk batch 6"
"lang/ms_MY/projects.lang","ConfirmClosed","Confirm task closed","","missing","Sprint 22C projects.lang + install.lang bulk batch 6"
"lang/ms_MY/projects.lang","TaskReopened","Task reopened","","missing","Sprint 22C projects.lang + install.lang bulk batch 6"
"lang/ms_MY/projects.lang","ThisContactHasAUser","Warning, you must assign the associated user of this contact (the user '%s', and not the contact '%s') if you want to give access permission on this object to the respective user contact.","","missing","Sprint 22C projects.lang + install.lang bulk batch 6"
"lang/ms_MY/projects.lang","CloneChanges","Recalculate date of task","","missing","Sprint 22C projects.lang + install.lang bulk batch 6"
"lang/ms_MY/projects.lang","CloneAffectation","Clone assignations","","missing","Sprint 22C projects.lang + install.lang bulk batch 6"
"lang/ms_MY/projects.lang","CloneProgression","Clone progression","","missing","Sprint 22C projects.lang + install.lang bulk batch 6"
"lang/ms_MY/projects.lang","CloneTimes","Clone times","","missing","Sprint 22C projects.lang + install.lang bulk batch 6"
"lang/ms_MY/projects.lang","CloneFile","Clone files","","missing","Sprint 22C projects.lang + install.lang bulk batch 6"
"lang/ms_MY/projects.lang","ConfirmCloneTask","Do you want to clone this task?","","missing","Sprint 22C projects.lang + install.lang bulk batch 6"
"lang/ms_MY/projects.lang","TaskBackToDraft","Task status is back to draft","","missing","Sprint 22C projects.lang + install.lang bulk batch 6"
"lang/ms_MY/projects.lang","EventStartOrEndDateNotDefined","Event start or end date not defined","","missing","Sprint 22C projects.lang + install.lang bulk batch 6"
"lang/ms_MY/projects.lang","FormForPublicLeadRegistrationHasNotBeenEnabled","Form for public lead registration has not been enabled","","missing","Sprint 22C projects.lang + install.lang bulk batch 6"
"lang/ms_MY/projects.lang","TaskHourlyRateUpdated","Task's hourly rate updated","","missing","Sprint 22C projects.lang + install.lang bulk batch 6"
"lang/ms_MY/projects.lang","UpdateWithLastHourlyRate","Update all recorded time spent of each user with the last hourly rate of the user","","missing","Sprint 22C projects.lang + install.lang bulk batch 6"
"lang/ms_MY/projects.lang","UpdateUndefinedWithLastHourlyRate","Update the time spent that has no hourly rate defined with the last hourly rate of the user","","missing","Sprint 22C projects.lang + install.lang bulk batch 6"
"lang/ms_MY/projects.lang","EnterUsersHourlyRateFirst","First, enter the hourly rate for the user(s)...","","missing","Sprint 22C projects.lang + install.lang bulk batch 6"
"lang/ms_MY/install.lang","InstallEasy","Just follow the instructions step by step.","","missing","Sprint 22C projects.lang + install.lang bulk batch 6"
"lang/ms_MY/install.lang","MiscellaneousChecks","Prerequisites check","","missing","Sprint 22C projects.lang + install.lang bulk batch 6"
"lang/ms_MY/install.lang","ConfFileExists","Configuration file <b>%s</b> exists.","","missing","Sprint 22C projects.lang + install.lang bulk batch 6"
"lang/ms_MY/install.lang","ConfFileDoesNotExistsAndCouldNotBeCreated","Configuration file <b>%s</b> does not exist and could not be created!","","missing","Sprint 22C projects.lang + install.lang bulk batch 6"
"lang/ms_MY/install.lang","ConfFileCouldBeCreated","Configuration file <b>%s</b> could be created.","","missing","Sprint 22C projects.lang + install.lang bulk batch 6"
"lang/ms_MY/install.lang","ConfFileIsNotWritable","Configuration file <b>%s</b> is not writable. Check permissions. For first install, your web server must be able to write into this file during configuration process (""chmod 666"" for example on a Unix like OS).","","missing","Sprint 22C projects.lang + install.lang bulk batch 6"
"lang/ms_MY/install.lang","ConfFileIsWritable","Configuration file <b>%s</b> is writable.","","missing","Sprint 22C projects.lang + install.lang bulk batch 6"
"lang/ms_MY/install.lang","ConfFileMustBeAFileNotADir","Configuration file <b>%s</b> must be a file, not a directory.","","missing","Sprint 22C projects.lang + install.lang bulk batch 6"
"lang/ms_MY/install.lang","ConfFileReload","Reloading parameters from configuration file.","","missing","Sprint 22C projects.lang + install.lang bulk batch 6"
"lang/ms_MY/install.lang","NoReadableConfFileSoStartInstall","The configuration file <b>conf/conf.php</b> does not exists or is not readable. We will run the installation process to try to initialize it.","","missing","Sprint 22C projects.lang + install.lang bulk batch 6"
"lang/ms_MY/install.lang","PHPSupportPOSTGETOk","This PHP supports variables POST and GET.","","missing","Sprint 22C projects.lang + install.lang bulk batch 6"
"lang/ms_MY/install.lang","PHPSupportPOSTGETKo","It's possible your PHP setup does not support variables POST and/or GET. Check the parameter <b>variables_order</b> in php.ini.","","missing","Sprint 22C projects.lang + install.lang bulk batch 6"
"lang/ms_MY/install.lang","PHPSupportSessions","This PHP supports sessions.","","missing","Sprint 22C projects.lang + install.lang bulk batch 6"
"lang/ms_MY/install.lang","PHPSupport","This PHP supports %s functions.","","missing","Sprint 22C projects.lang + install.lang bulk batch 6"
"lang/ms_MY/install.lang","PHPMemoryOK","Your PHP max session memory is set to <b>%s</b>. This should be enough.","","missing","Sprint 22C projects.lang + install.lang bulk batch 6"
"lang/ms_MY/install.lang","PHPMemoryTooLow","Your PHP max session memory is set to <b>%s</b> bytes. This is too low. Change your <b>php.ini</b> to set <b>memory_limit</b> parameter to at least <b>%s</b> bytes.","","missing","Sprint 22C projects.lang + install.lang bulk batch 6"
"lang/ms_MY/install.lang","Recheck","Click here for a more detailed test","","missing","Sprint 22C projects.lang + install.lang bulk batch 6"
"lang/ms_MY/install.lang","ErrorPHPDoesNotSupportSessions","Your PHP installation does not support sessions. This feature is required to allow Dolibarr to work. Check your PHP setup and permissions of the sessions directory.","","missing","Sprint 22C projects.lang + install.lang bulk batch 6"
"lang/ms_MY/install.lang","ErrorDirDoesNotExists","Directory %s does not exist.","","missing","Sprint 22C projects.lang + install.lang bulk batch 6"
"lang/ms_MY/install.lang","ErrorGoBackAndCorrectParameters","Go back and check/correct the parameters.","","missing","Sprint 22C projects.lang + install.lang bulk batch 6"
"lang/ms_MY/install.lang","ErrorWrongValueForParameter","You may have typed a wrong value for parameter '%s'.","","missing","Sprint 22C projects.lang + install.lang bulk batch 6"
"lang/ms_MY/install.lang","ErrorFailedToCreateDatabase","Failed to create database '%s'.","","missing","Sprint 22C projects.lang + install.lang bulk batch 6"
"lang/ms_MY/install.lang","ErrorFailedToConnectToDatabase","Failed to connect to database '%s'.","","missing","Sprint 22C projects.lang + install.lang bulk batch 6"
"lang/ms_MY/install.lang","ErrorDatabaseVersionTooLow","Database version (%s) too old. Version %s or higher is required.","","missing","Sprint 22C projects.lang + install.lang bulk batch 6"
"lang/ms_MY/install.lang","ErrorPHPVersionTooLow","PHP version too old. Version %s or higher is required.","","missing","Sprint 22C projects.lang + install.lang bulk batch 6"
"lang/ms_MY/install.lang","ErrorPHPVersionTooHigh","PHP version too high. Version %s or lower is required.","","missing","Sprint 22C projects.lang + install.lang bulk batch 6"
"lang/ms_MY/install.lang","ErrorConnectedButDatabaseNotFound","Connection to server successful but database '%s' not found.","","missing","Sprint 22C projects.lang + install.lang bulk batch 6"
"lang/ms_MY/install.lang","ErrorDatabaseAlreadyExists","Database '%s' already exists.","","missing","Sprint 22C projects.lang + install.lang bulk batch 6"
"lang/ms_MY/install.lang","ErrorNoMigrationFilesFoundForParameters","No migration file found for the selected versions","","missing","Sprint 22C projects.lang + install.lang bulk batch 6"
"lang/ms_MY/install.lang","IfDatabaseNotExistsGoBackAndUncheckCreate","If the database does not exist, go back and check option ""Create database"".","","missing","Sprint 22C projects.lang + install.lang bulk batch 6"
"lang/ms_MY/install.lang","IfDatabaseExistsGoBackAndCheckCreate","If database already exists, go back and uncheck ""Create database"" option.","","missing","Sprint 22C projects.lang + install.lang bulk batch 6"
"lang/ms_MY/install.lang","WarningBrowserTooOld","Version of browser is too old. Upgrading your browser to a recent version of Firefox, Chrome or Opera is highly recommended.","","missing","Sprint 22C projects.lang + install.lang bulk batch 6"
"lang/ms_MY/install.lang","PHPVersion","PHP Version","","missing","Sprint 22C projects.lang + install.lang bulk batch 6"
"lang/ms_MY/install.lang","License","Using license","","missing","Sprint 22C projects.lang + install.lang bulk batch 6"
"lang/ms_MY/install.lang","ConfigurationFile","Configuration file","","missing","Sprint 22C projects.lang + install.lang bulk batch 6"
"lang/ms_MY/install.lang","WebPagesDirectory","Directory where web pages are stored","","missing","Sprint 22C projects.lang + install.lang bulk batch 6"
"lang/ms_MY/install.lang","DocumentsDirectory","Directory to store uploaded and generated documents","","missing","Sprint 22C projects.lang + install.lang bulk batch 6"
"lang/ms_MY/install.lang","URLRoot","URL Root","","missing","Sprint 22C projects.lang + install.lang bulk batch 6"
"lang/ms_MY/install.lang","ForceHttps","Force secure connections (https)","","missing","Sprint 22C projects.lang + install.lang bulk batch 6"
"lang/ms_MY/install.lang","CheckToForceHttps","Check this option to force secure connections (https).<br>This requires that the web server is configured with an SSL certificate.","","missing","Sprint 22C projects.lang + install.lang bulk batch 6"
"lang/ms_MY/install.lang","DolibarrDatabase","Dolibarr Database","","missing","Sprint 22C projects.lang + install.lang bulk batch 6"
"lang/ms_MY/install.lang","DatabaseType","Database type","","missing","Sprint 22C projects.lang + install.lang bulk batch 6"
"lang/ms_MY/install.lang","Server","Server","","missing","Sprint 22C projects.lang + install.lang bulk batch 6"
"lang/ms_MY/install.lang","ServerAddressDescription","Name or ip address for the database server. Usually 'localhost' when the database server is hosted on the same server as the web server.","","missing","Sprint 22C projects.lang + install.lang bulk batch 6"
"lang/ms_MY/install.lang","ServerPortDescription","Database server port. Keep empty if unknown.","","missing","Sprint 22C projects.lang + install.lang bulk batch 6"
"lang/ms_MY/install.lang","DatabaseServer","Database server","","missing","Sprint 22C projects.lang + install.lang bulk batch 6"
"lang/ms_MY/install.lang","DatabaseName","Database name","","missing","Sprint 22C projects.lang + install.lang bulk batch 6"
"lang/ms_MY/install.lang","DatabasePrefix","Database table prefix","","missing","Sprint 22C projects.lang + install.lang bulk batch 6"
"lang/ms_MY/install.lang","DatabasePrefixDescription","Database table prefix. If empty, defaults to llx_.","","missing","Sprint 22C projects.lang + install.lang bulk batch 6"
"lang/ms_MY/install.lang","AdminLogin","User account for the Dolibarr database owner.","","missing","Sprint 22C projects.lang + install.lang bulk batch 6"
"lang/ms_MY/install.lang","AdminPassword","Password for Dolibarr database owner.","","missing","Sprint 22C projects.lang + install.lang bulk batch 6"
"lang/ms_MY/install.lang","CreateDatabase","Create database","","missing","Sprint 22C projects.lang + install.lang bulk batch 6"
"lang/ms_MY/install.lang","CreateUser","Create user account or grant user account permission on the Dolibarr database","","missing","Sprint 22C projects.lang + install.lang bulk batch 6"
"lang/ms_MY/install.lang","DatabaseSuperUserAccess","Database server - Superuser access","","missing","Sprint 22C projects.lang + install.lang bulk batch 6"
"lang/ms_MY/install.lang","CheckToCreateDatabase","Check the box if the database does not exist yet and so must be created.<br>In this case, you must also fill in the user name and password for the superuser account at the bottom of this page.","","missing","Sprint 22C projects.lang + install.lang bulk batch 6"
"lang/ms_MY/install.lang","CheckToCreateUser","Check the box if:<br>the database user account does not yet exist and so must be created, or<br>if the user account exists but the database does not exist and permissions must be granted.<br>In this case, you must enter the user account and password and <b>also</b> the superuser account name and password at the bottom of this page. If this box is unchecked, database owner and password must already exist.","","missing","Sprint 22C projects.lang + install.lang bulk batch 6"
"lang/ms_MY/install.lang","DatabaseRootLoginDescription","Superuser account name (to create new databases or new users), mandatory if the database or its owner does not already exist.","","missing","Sprint 22C projects.lang + install.lang bulk batch 6"
"lang/ms_MY/install.lang","KeepEmptyIfNoPassword","Leave empty if superuser has no password (NOT recommended)","","missing","Sprint 22C projects.lang + install.lang bulk batch 6"
"lang/ms_MY/install.lang","SaveConfigurationFile","Saving parameters to","","missing","Sprint 22C projects.lang + install.lang bulk batch 6"
"lang/ms_MY/install.lang","ServerConnection","Server connection","","missing","Sprint 22C projects.lang + install.lang bulk batch 6"
"lang/ms_MY/install.lang","DatabaseCreation","Database creation","","missing","Sprint 22C projects.lang + install.lang bulk batch 6"
"lang/ms_MY/install.lang","CreateDatabaseObjects","Database objects creation","","missing","Sprint 22C projects.lang + install.lang bulk batch 6"
"lang/ms_MY/install.lang","ReferenceDataLoading","Reference data loading","","missing","Sprint 22C projects.lang + install.lang bulk batch 6"
"lang/ms_MY/install.lang","TablesAndPrimaryKeysCreation","Tables and Primary keys creation","","missing","Sprint 22C projects.lang + install.lang bulk batch 6"
"lang/ms_MY/install.lang","CreateTableAndPrimaryKey","Create table %s","","missing","Sprint 22C projects.lang + install.lang bulk batch 6"
"lang/ms_MY/install.lang","CreateOtherKeysForTable","Create foreign keys and indexes for table %s","","missing","Sprint 22C projects.lang + install.lang bulk batch 6"
"lang/ms_MY/install.lang","OtherKeysCreation","Foreign keys and indexes creation","","missing","Sprint 22C projects.lang + install.lang bulk batch 6"
"lang/ms_MY/install.lang","FunctionsCreation","Functions creation","","missing","Sprint 22C projects.lang + install.lang bulk batch 6"
"lang/ms_MY/install.lang","CreationOfUser","Creation of the user","","missing","Sprint 22C projects.lang + install.lang bulk batch 6"
"lang/ms_MY/install.lang","AdminAccountCreation","Administrator login creation","","missing","Sprint 22C projects.lang + install.lang bulk batch 6"
"lang/ms_MY/install.lang","PleaseTypePassword","Please type a password, empty passwords are not allowed!","","missing","Sprint 22C projects.lang + install.lang bulk batch 6"
"lang/ms_MY/install.lang","PleaseTypeALogin","Please type a login!","","missing","Sprint 22C projects.lang + install.lang bulk batch 6"
"lang/ms_MY/install.lang","PasswordsMismatch","Passwords differs, please try again!","","missing","Sprint 22C projects.lang + install.lang bulk batch 6"
"lang/ms_MY/install.lang","SetupEnd","End of setup","","missing","Sprint 22C projects.lang + install.lang bulk batch 6"
"lang/ms_MY/install.lang","SystemIsInstalled","This installation is complete.","","missing","Sprint 22C projects.lang + install.lang bulk batch 6"
"lang/ms_MY/install.lang","SystemIsUpgraded","Dolibarr has been upgraded successfully.","","missing","Sprint 22C projects.lang + install.lang bulk batch 6"
"lang/ms_MY/install.lang","YouNeedToPersonalizeSetup","You need to configure Dolibarr to suit your needs (appearance, features, ...). To do this, please follow the link below:","","missing","Sprint 22C projects.lang + install.lang bulk batch 6"
"lang/ms_MY/install.lang","AdminLoginCreatedSuccessfuly","Dolibarr administrator login '<b>%s</b>' created successfully.","","missing","Sprint 22C projects.lang + install.lang bulk batch 6"
"lang/ms_MY/install.lang","GoToDolibarr","Go to Dolibarr","","missing","Sprint 22C projects.lang + install.lang bulk batch 6"
"lang/ms_MY/install.lang","GoToSetupArea","Go to Dolibarr (setup area)","","missing","Sprint 22C projects.lang + install.lang bulk batch 6"
"lang/ms_MY/install.lang","MigrationNotFinished","The database version is not completely up to date: run the upgrade process again.","","missing","Sprint 22C projects.lang + install.lang bulk batch 6"
"lang/ms_MY/install.lang","GoToUpgradePage","Go to upgrade page again","","missing","Sprint 22C projects.lang + install.lang bulk batch 6"
"lang/ms_MY/install.lang","WithNoSlashAtTheEnd","Without the slash ""/"" at the end","","missing","Sprint 22C projects.lang + install.lang bulk batch 6"
"lang/ms_MY/install.lang","DirectoryRecommendation","<span class=""warning"">IMPORTANT</span>: You must use a directory that is outside of the web pages (so do not use a subdirectory of previous parameter).","","missing","Sprint 22C projects.lang + install.lang bulk batch 6"
"lang/ms_MY/install.lang","LoginAlreadyExists","Already exists","","missing","Sprint 22C projects.lang + install.lang bulk batch 6"
"lang/ms_MY/install.lang","DolibarrAdminLogin","Dolibarr admin login","","missing","Sprint 22C projects.lang + install.lang bulk batch 6"
"lang/ms_MY/install.lang","AdminLoginAlreadyExists","Dolibarr administrator account '<b>%s</b>' already exists. Go back if you want to create another one.","","missing","Sprint 22C projects.lang + install.lang bulk batch 6"
"lang/ms_MY/install.lang","FailedToCreateAdminLogin","Failed to create Dolibarr administrator account.","","missing","Sprint 22C projects.lang + install.lang bulk batch 6"
"lang/ms_MY/install.lang","WarningRemoveInstallDir","Warning, for security reasons, once the installation process is complete, you must add a file called <b>install.lock</b> into the Dolibarr document directory in order to prevent the accidental/malicious use of the install tools again.","","missing","Sprint 22C projects.lang + install.lang bulk batch 6"
"lang/ms_MY/install.lang","FunctionNotAvailableInThisPHP","Not available in this PHP","","missing","Sprint 22C projects.lang + install.lang bulk batch 6"
"lang/ms_MY/install.lang","ChoosedMigrateScript","Choose migration script","","missing","Sprint 22C projects.lang + install.lang bulk batch 6"
"lang/ms_MY/install.lang","DataMigration","Database migration (data)","","missing","Sprint 22C projects.lang + install.lang bulk batch 6"
"lang/ms_MY/install.lang","DatabaseMigration","Database migration (structure + some data)","","missing","Sprint 22C projects.lang + install.lang bulk batch 6"
"lang/ms_MY/install.lang","ProcessMigrateScript","Script processing","","missing","Sprint 22C projects.lang + install.lang bulk batch 6"
"lang/ms_MY/install.lang","ChooseYourSetupMode","Choose your setup mode and click ""Start""...","","missing","Sprint 22C projects.lang + install.lang bulk batch 6"
"lang/ms_MY/install.lang","FreshInstall","Fresh install","","missing","Sprint 22C projects.lang + install.lang bulk batch 6"
"lang/ms_MY/install.lang","FreshInstallDesc","Use this mode if this is your first install. If not, this mode can repair a incomplete previous install. If you want to upgrade your version, choose ""Upgrade"" mode.","","missing","Sprint 22C projects.lang + install.lang bulk batch 6"
"lang/ms_MY/install.lang","Upgrade","Upgrade","","missing","Sprint 22C projects.lang + install.lang bulk batch 6"
"lang/ms_MY/install.lang","UpgradeDesc","Use this mode if you have replaced old Dolibarr files with files from a newer version. This will upgrade your database and data.","","missing","Sprint 22C projects.lang + install.lang bulk batch 6"
"lang/ms_MY/install.lang","Start","Start","","missing","Sprint 22C projects.lang + install.lang bulk batch 6"
"lang/ms_MY/install.lang","InstallNotAllowed","Setup not allowed by <b>conf.php</b> permissions","","missing","Sprint 22C projects.lang + install.lang bulk batch 6"
"lang/ms_MY/install.lang","YouMustCreateWithPermission","You must create file %s and set write permissions on it for the web server during install process.","","missing","Sprint 22C projects.lang + install.lang bulk batch 6"
"lang/ms_MY/install.lang","CorrectProblemAndReloadPage","Please fix the problem and press F5 to reload the page.","","missing","Sprint 22C projects.lang + install.lang bulk batch 6"
"lang/ms_MY/install.lang","AlreadyDone","Already migrated","","missing","Sprint 22C projects.lang + install.lang bulk batch 6"
"lang/ms_MY/install.lang","DatabaseVersion","Database version","","missing","Sprint 22C projects.lang + install.lang bulk batch 6"
"lang/ms_MY/install.lang","ServerVersion","Database server version","","missing","Sprint 22C projects.lang + install.lang bulk batch 6"
"lang/ms_MY/install.lang","YouMustCreateItAndAllowServerToWrite","You must create this directory and allow for the web server to write into it.","","missing","Sprint 22C projects.lang + install.lang bulk batch 6"
"lang/ms_MY/install.lang","DBSortingCollation","Character sorting order","","missing","Sprint 22C projects.lang + install.lang bulk batch 6"
"lang/ms_MY/install.lang","YouAskDatabaseCreationSoDolibarrNeedToConnect","You selected create database <b>%s</b>, but for this, Dolibarr needs to connect to server <b>%s</b> with super user <b>%s</b> permissions.","","missing","Sprint 22C projects.lang + install.lang bulk batch 6"
"lang/ms_MY/install.lang","YouAskLoginCreationSoDolibarrNeedToConnect","You selected create database user <b>%s</b>, but for this, Dolibarr needs to connect to server <b>%s</b> with super user <b>%s</b> permissions.","","missing","Sprint 22C projects.lang + install.lang bulk batch 6"
"lang/ms_MY/install.lang","BecauseConnectionFailedParametersMayBeWrong","The database connection failed: the host or super user parameters must be wrong.","","missing","Sprint 22C projects.lang + install.lang bulk batch 6"
"lang/ms_MY/install.lang","OrphelinsPaymentsDetectedByMethod","Orphans payment detected by method %s","","missing","Sprint 22C projects.lang + install.lang bulk batch 6"
"lang/ms_MY/install.lang","RemoveItManuallyAndPressF5ToContinue","Remove it manually and press F5 to continue.","","missing","Sprint 22C projects.lang + install.lang bulk batch 6"
"lang/ms_MY/install.lang","FieldRenamed","Field renamed","","missing","Sprint 22C projects.lang + install.lang bulk batch 6"
"lang/ms_MY/install.lang","IfLoginDoesNotExistsCheckCreateUser","If the user does not exist yet, you must check option ""Create user""","","missing","Sprint 22C projects.lang + install.lang bulk batch 6"
"lang/ms_MY/install.lang","ErrorConnection","Server ""<b>%s</b>"", database name ""<b>%s</b>"", login ""<b>%s</b>"", or database password may be wrong or the PHP client version may be too old compared to the database version.","","missing","Sprint 22C projects.lang + install.lang bulk batch 6"
"lang/ms_MY/install.lang","InstallChoiceRecommanded","Recommended choice to install version <b>%s</b> from your current version <b>%s</b>","","missing","Sprint 22C projects.lang + install.lang bulk batch 6"
"lang/ms_MY/install.lang","InstallChoiceSuggested","<b>Install choice suggested by installer</b>.","","missing","Sprint 22C projects.lang + install.lang bulk batch 6"
"lang/ms_MY/install.lang","MigrateIsDoneStepByStep","The targeted version (%s) has a gap of several versions. The install wizard will come back to suggest a further migration once this one is complete.","","missing","Sprint 22C projects.lang + install.lang bulk batch 6"
"lang/ms_MY/install.lang","CheckThatDatabasenameIsCorrect","Check that the database name ""<b>%s</b>"" is correct.","","missing","Sprint 22C projects.lang + install.lang bulk batch 6"
"lang/ms_MY/install.lang","IfAlreadyExistsCheckOption","If this name is correct and that database does not exist yet, you must check option ""Create database"".","","missing","Sprint 22C projects.lang + install.lang bulk batch 6"
"lang/ms_MY/install.lang","OpenBaseDir","PHP openbasedir parameter","","missing","Sprint 22C projects.lang + install.lang bulk batch 6"
"lang/ms_MY/install.lang","YouAskToCreateDatabaseSoRootRequired","You checked the box ""Create database"". For this, you need to provide the login/password of superuser (bottom of form).","","missing","Sprint 22C projects.lang + install.lang bulk batch 6"
"lang/ms_MY/install.lang","YouAskToCreateDatabaseUserSoRootRequired","You checked the box ""Create database owner"". For this, you need to provide the login/password of superuser (bottom of form).","","missing","Sprint 22C projects.lang + install.lang bulk batch 6"
"lang/ms_MY/install.lang","NextStepMightLastALongTime","The current step may take several minutes. Please wait until the next screen is shown completely before continuing.","","missing","Sprint 22C projects.lang + install.lang bulk batch 6"
"lang/ms_MY/install.lang","MigrationCustomerOrderShipping","Migrate shipping for sales orders storage","","missing","Sprint 22C projects.lang + install.lang bulk batch 6"
"lang/ms_MY/install.lang","MigrationShippingDelivery","Upgrade storage of shipping","","missing","Sprint 22C projects.lang + install.lang bulk batch 6"
"lang/ms_MY/install.lang","MigrationShippingDelivery2","Upgrade storage of shipping 2","","missing","Sprint 22C projects.lang + install.lang bulk batch 6"
"lang/ms_MY/install.lang","MigrationFinished","Migration finished","","missing","Sprint 22C projects.lang + install.lang bulk batch 6"
"lang/ms_MY/install.lang","LastStepDesc","<strong>Last step</strong>: Define here the login and password you wish to use to connect to Dolibarr. <b>Do not lose this as it is the main account to administer all other/additional user accounts.</b>","","missing","Sprint 22C projects.lang + install.lang bulk batch 6"
"lang/ms_MY/install.lang","ActivateModule","Activate module %s","","missing","Sprint 22C projects.lang + install.lang bulk batch 6"
"lang/ms_MY/install.lang","ShowEditTechnicalParameters","Click here to show/edit advanced parameters (expert mode)","","missing","Sprint 22C projects.lang + install.lang bulk batch 6"
"lang/ms_MY/install.lang","WarningUpgrade","Warning:\nDid you run a database backup first?\nThis is highly recommended. Loss of data (due to for example bugs in mysql version 5.5.40/41/42/43) may be possible during this process, so it is essential to take a complete dump of your database before starting any migration.\n\nClick OK to start migration process...","","missing","Sprint 22C projects.lang + install.lang bulk batch 6"
"lang/ms_MY/install.lang","ErrorDatabaseVersionForbiddenForMigration","Your database version is %s. It has a critical bug, making data loss possible if you make structural changes in your database, such as is required by the migration process. For his reason, migration will not be allowed until you upgrade your database to a layer (patched) version (list of known buggy versions: %s)","","missing","Sprint 22C projects.lang + install.lang bulk batch 6"
"lang/ms_MY/install.lang","KeepDefaultValuesWamp","You used the Dolibarr setup wizard from DoliWamp, so values proposed here are already optimized. Change them only if you know what you are doing.","","missing","Sprint 22C projects.lang + install.lang bulk batch 6"
"lang/ms_MY/install.lang","KeepDefaultValuesDeb","You used the Dolibarr setup wizard from a Linux package (Ubuntu, Debian, Fedora...), so the values proposed here are already optimized. Only the password of the database owner to create must be entered. Change other parameters only if you know what you are doing.","","missing","Sprint 22C projects.lang + install.lang bulk batch 6"
"lang/ms_MY/install.lang","KeepDefaultValuesMamp","You used the Dolibarr setup wizard from DoliMamp, so the values proposed here are already optimized. Change them only if you know what you are doing.","","missing","Sprint 22C projects.lang + install.lang bulk batch 6"
"lang/ms_MY/install.lang","KeepDefaultValuesProxmox","You used the Dolibarr setup wizard from a Proxmox virtual appliance, so the values proposed here are already optimized. Change them only if you know what you are doing.","","missing","Sprint 22C projects.lang + install.lang bulk batch 6"
"lang/ms_MY/install.lang","UpgradeExternalModule","Run dedicated upgrade process of external module","","missing","Sprint 22C projects.lang + install.lang bulk batch 6"
"lang/ms_MY/install.lang","SetAtLeastOneOptionAsUrlParameter","Set at least one option as a parameter in URL with value 'test' or 'confirmed'. For example:  '...repair.php?standard=confirmed'","","missing","Sprint 22C projects.lang + install.lang bulk batch 6"
"lang/ms_MY/install.lang","NothingToDelete","Nothing to clean/delete","","missing","Sprint 22C projects.lang + install.lang bulk batch 6"
"lang/ms_MY/install.lang","NothingToDo","Nothing to do","","missing","Sprint 22C projects.lang + install.lang bulk batch 6"
"lang/ms_MY/install.lang","MigrationFixData","Fix for denormalized data","","missing","Sprint 22C projects.lang + install.lang bulk batch 6"
"lang/ms_MY/install.lang","MigrationOrder","Data migration for customer's orders","","missing","Sprint 22C projects.lang + install.lang bulk batch 6"
"lang/ms_MY/install.lang","MigrationSupplierOrder","Data migration for vendor's orders","","missing","Sprint 22C projects.lang + install.lang bulk batch 6"
"lang/ms_MY/install.lang","MigrationProposal","Data migration for commercial proposals","","missing","Sprint 22C projects.lang + install.lang bulk batch 6"
"lang/ms_MY/install.lang","MigrationInvoice","Data migration for customer's invoices","","missing","Sprint 22C projects.lang + install.lang bulk batch 6"
"lang/ms_MY/install.lang","MigrationContract","Data migration for contracts","","missing","Sprint 22C projects.lang + install.lang bulk batch 6"
"lang/ms_MY/install.lang","MigrationSuccessfullUpdate","Upgrade successful","","missing","Sprint 22C projects.lang + install.lang bulk batch 6"
"lang/ms_MY/install.lang","MigrationUpdateFailed","Failed upgrade process","","missing","Sprint 22C projects.lang + install.lang bulk batch 6"
"lang/ms_MY/install.lang","MigrationRelationshipTables","Data migration for relationship tables (%s)","","missing","Sprint 22C projects.lang + install.lang bulk batch 6"
"lang/ms_MY/install.lang","MigrationPaymentsUpdate","Payment data correction","","missing","Sprint 22C projects.lang + install.lang bulk batch 6"
"lang/ms_MY/install.lang","MigrationPaymentsNumberToUpdate","%s payment(s) to update","","missing","Sprint 22C projects.lang + install.lang bulk batch 6"
"lang/ms_MY/install.lang","MigrationProcessPaymentUpdate","Update payment(s) %s","","missing","Sprint 22C projects.lang + install.lang bulk batch 6"
"lang/ms_MY/install.lang","MigrationPaymentsNothingToUpdate","No more things to do","","missing","Sprint 22C projects.lang + install.lang bulk batch 6"
"lang/ms_MY/install.lang","MigrationPaymentsNothingUpdatable","No more payments that can be corrected","","missing","Sprint 22C projects.lang + install.lang bulk batch 6"
"lang/ms_MY/install.lang","MigrationContractsUpdate","Contract data correction","","missing","Sprint 22C projects.lang + install.lang bulk batch 6"
"lang/ms_MY/install.lang","MigrationContractsNumberToUpdate","%s contract(s) to update","","missing","Sprint 22C projects.lang + install.lang bulk batch 6"
"lang/ms_MY/install.lang","MigrationContractsLineCreation","Create contract line for contract ref %s","","missing","Sprint 22C projects.lang + install.lang bulk batch 6"
"lang/ms_MY/install.lang","MigrationContractsNothingToUpdate","No more things to do","","missing","Sprint 22C projects.lang + install.lang bulk batch 6"
"lang/ms_MY/install.lang","MigrationContractsFieldDontExist","Field fk_facture does not exist anymore. Nothing to do.","","missing","Sprint 22C projects.lang + install.lang bulk batch 6"
"lang/ms_MY/install.lang","MigrationContractsEmptyDatesUpdate","Contract empty date correction","","missing","Sprint 22C projects.lang + install.lang bulk batch 6"
"lang/ms_MY/install.lang","MigrationContractsEmptyDatesUpdateSuccess","Contract empty date correction done successfully","","missing","Sprint 22C projects.lang + install.lang bulk batch 6"
"lang/ms_MY/install.lang","MigrationContractsEmptyDatesNothingToUpdate","No contract empty date to correct","","missing","Sprint 22C projects.lang + install.lang bulk batch 6"
"lang/ms_MY/install.lang","MigrationContractsEmptyCreationDatesNothingToUpdate","No contract creation date to correct","","missing","Sprint 22C projects.lang + install.lang bulk batch 6"
"lang/ms_MY/install.lang","MigrationContractsInvalidDatesUpdate","Bad value date contract correction","","missing","Sprint 22C projects.lang + install.lang bulk batch 6"
"lang/ms_MY/install.lang","MigrationContractsInvalidDateFix","Correct contract %s (Contract date=%s, Starting service date min=%s)","","missing","Sprint 22C projects.lang + install.lang bulk batch 6"
"lang/ms_MY/install.lang","MigrationContractsInvalidDatesNumber","%s contracts modified","","missing","Sprint 22C projects.lang + install.lang bulk batch 6"
"lang/ms_MY/install.lang","MigrationContractsInvalidDatesNothingToUpdate","No date with bad value to correct","","missing","Sprint 22C projects.lang + install.lang bulk batch 6"
"lang/ms_MY/install.lang","MigrationContractsIncoherentCreationDateUpdate","Bad value contract creation date correction","","missing","Sprint 22C projects.lang + install.lang bulk batch 6"
"lang/ms_MY/install.lang","MigrationContractsIncoherentCreationDateUpdateSuccess","Bad value contract creation date correction done successfully","","missing","Sprint 22C projects.lang + install.lang bulk batch 6"
"lang/ms_MY/install.lang","MigrationContractsIncoherentCreationDateNothingToUpdate","No bad value for contract creation date to correct","","missing","Sprint 22C projects.lang + install.lang bulk batch 6"
"lang/ms_MY/install.lang","MigrationReopeningContracts","Open contract closed by error","","missing","Sprint 22C projects.lang + install.lang bulk batch 6"
"lang/ms_MY/install.lang","MigrationReopenThisContract","Reopen contract %s","","missing","Sprint 22C projects.lang + install.lang bulk batch 6"
"lang/ms_MY/install.lang","MigrationReopenedContractsNumber","%s contracts modified","","missing","Sprint 22C projects.lang + install.lang bulk batch 6"
"lang/ms_MY/install.lang","MigrationReopeningContractsNothingToUpdate","No closed contract to open","","missing","Sprint 22C projects.lang + install.lang bulk batch 6"
"lang/ms_MY/install.lang","MigrationBankTransfertsUpdate","Update links between bank entry and a bank transfer","","missing","Sprint 22C projects.lang + install.lang bulk batch 6"
"lang/ms_MY/install.lang","MigrationBankTransfertsNothingToUpdate","All links are up to date","","missing","Sprint 22C projects.lang + install.lang bulk batch 6"
"lang/ms_MY/install.lang","MigrationShipmentOrderMatching","Sendings receipt update","","missing","Sprint 22C projects.lang + install.lang bulk batch 6"
"lang/ms_MY/install.lang","MigrationDeliveryOrderMatching","Delivery receipt update","","missing","Sprint 22C projects.lang + install.lang bulk batch 6"
"lang/ms_MY/install.lang","MigrationDeliveryDetail","Delivery update","","missing","Sprint 22C projects.lang + install.lang bulk batch 6"
"lang/ms_MY/install.lang","MigrationStockDetail","Update stock value of products","","missing","Sprint 22C projects.lang + install.lang bulk batch 6"
"lang/ms_MY/install.lang","MigrationMenusDetail","Update dynamic menus tables","","missing","Sprint 22C projects.lang + install.lang bulk batch 6"
"lang/ms_MY/install.lang","MigrationDeliveryAddress","Update delivery address in shipments","","missing","Sprint 22C projects.lang + install.lang bulk batch 6"
"lang/ms_MY/install.lang","MigrationProjectTaskActors","Data migration for table llx_projet_task_actors","","missing","Sprint 22C projects.lang + install.lang bulk batch 6"
"lang/ms_MY/install.lang","MigrationProjectUserResp","Data migration field fk_user_resp of llx_projet to llx_element_contact","","missing","Sprint 22C projects.lang + install.lang bulk batch 6"
"lang/ms_MY/install.lang","MigrationProjectTaskTime","Update time spent in seconds","","missing","Sprint 22C projects.lang + install.lang bulk batch 6"
"lang/ms_MY/install.lang","MigrationActioncommElement","Update data on actions","","missing","Sprint 22C projects.lang + install.lang bulk batch 6"
"lang/ms_MY/install.lang","MigrationPaymentMode","Data migration for payment type","","missing","Sprint 22C projects.lang + install.lang bulk batch 6"
"lang/ms_MY/install.lang","MigrationCategorieAssociation","Migration of categories","","missing","Sprint 22C projects.lang + install.lang bulk batch 6"
"lang/ms_MY/install.lang","MigrationEvents","Migration of events to add event owner into assignment table","","missing","Sprint 22C projects.lang + install.lang bulk batch 6"
"lang/ms_MY/install.lang","MigrationEventsContact","Migration of events to add event contact into assignment table","","missing","Sprint 22C projects.lang + install.lang bulk batch 6"
"lang/ms_MY/install.lang","MigrationRemiseEntity","Update entity field value of llx_societe_remise","","missing","Sprint 22C projects.lang + install.lang bulk batch 6"
"lang/ms_MY/install.lang","MigrationRemiseExceptEntity","Update entity field value of llx_societe_remise_except","","missing","Sprint 22C projects.lang + install.lang bulk batch 6"
"lang/ms_MY/install.lang","MigrationUserRightsEntity","Update entity field value of llx_user_rights","","missing","Sprint 22C projects.lang + install.lang bulk batch 6"
"lang/ms_MY/install.lang","MigrationUserGroupRightsEntity","Update entity field value of llx_usergroup_rights","","missing","Sprint 22C projects.lang + install.lang bulk batch 6"
"lang/ms_MY/install.lang","MigrationUserPhotoPath","Migration of photo paths for users","","missing","Sprint 22C projects.lang + install.lang bulk batch 6"
"lang/ms_MY/install.lang","MigrationFieldsSocialNetworks","Migration of users fields social networks (%s)","","missing","Sprint 22C projects.lang + install.lang bulk batch 6"
"lang/ms_MY/install.lang","MigrationReloadModule","Reload module %s","","missing","Sprint 22C projects.lang + install.lang bulk batch 6"
"lang/ms_MY/install.lang","MigrationResetBlockedLog","Reset module BlockedLog for v7 algorithm","","missing","Sprint 22C projects.lang + install.lang bulk batch 6"
"lang/ms_MY/install.lang","MigrationImportOrExportProfiles","Migration of import or export profiles (%s)","","missing","Sprint 22C projects.lang + install.lang bulk batch 6"
"lang/ms_MY/install.lang","MigrationHolidayPath","Migration of file paths for holidays","","missing","Sprint 22C projects.lang + install.lang bulk batch 6"
"lang/ms_MY/install.lang","ShowNotAvailableOptions","Show unavailable or not recommended options","","missing","Sprint 22C projects.lang + install.lang bulk batch 6"
"lang/ms_MY/install.lang","HideNotAvailableOptions","Hide unavailable or not recommended options","","missing","Sprint 22C projects.lang + install.lang bulk batch 6"
"lang/ms_MY/install.lang","ErrorFoundDuringMigration","Error(s) were reported during the migration process so next step is not available. To ignore errors, you can <a href=""%s"">click here</a>, but the application or some features may not work correctly until the errors are resolved.","","missing","Sprint 22C projects.lang + install.lang bulk batch 6"
"lang/ms_MY/install.lang","YouTryInstallDisabledByDirLock","The install/upgrade pages have been disabled for security (directory renamed with .lock suffix).<br>","","missing","Sprint 22C projects.lang + install.lang bulk batch 6"
"lang/ms_MY/install.lang","YouTryInstallDisabledByFileLock","The install/upgrade pages have been disabled for security (by the existence of a lock file <strong>install.lock</strong> in the dolibarr documents directory).<br>","","missing","Sprint 22C projects.lang + install.lang bulk batch 6"
"lang/ms_MY/install.lang","YouTryUpgradeDisabledByMissingFileUnLock","The application tried to self-upgrade, but the upgrade process is currently not allowed.<br>","","missing","Sprint 22C projects.lang + install.lang bulk batch 6"
"lang/ms_MY/install.lang","ClickHereToGoToApp","Click here to go to your application","","missing","Sprint 22C projects.lang + install.lang bulk batch 6"
"lang/ms_MY/install.lang","ClickOnLinkOrRemoveManualy","If an upgrade is in progress, please wait. If not, click on the following link. If you always see this same page, you must remove/rename the file install.lock in the documents directory.","","missing","Sprint 22C projects.lang + install.lang bulk batch 6"
"lang/ms_MY/install.lang","ClickOnLinkOrCreateUnlockFileManualy","If an upgrade is in progress, please wait... If not, you must remove the file install.lock (or create a file upgrade.unlock for upgrade) into the Dolibarr documents directory.","","missing","Sprint 22C projects.lang + install.lang bulk batch 6"
"lang/ms_MY/install.lang","Loaded","Loaded","","missing","Sprint 22C projects.lang + install.lang bulk batch 6"
"lang/ms_MY/install.lang","FunctionTest","Function test","","missing","Sprint 22C projects.lang + install.lang bulk batch 6"
"lang/ms_MY/install.lang","NodoUpgradeAfterDB","No action requested by external modules after upgrade of database","","missing","Sprint 22C projects.lang + install.lang bulk batch 6"
"lang/ms_MY/install.lang","NodoUpgradeAfterFiles","No action requested by external modules after upgrade of files or directories","","missing","Sprint 22C projects.lang + install.lang bulk batch 6"
"lang/ms_MY/install.lang","MigrationContractLineRank","Migrate Contract Line to use Rank (and enable Reorder)","","missing","Sprint 22C projects.lang + install.lang bulk batch 6"
"lang/ms_MY/install.lang","MigrationProductLotPath","Migrate Product Batch files path","","missing","Sprint 22C projects.lang + install.lang bulk batch 6"
"lang/ms_MY/install.lang","MigrationAccountancyBookkeeping","Migrate accountancy bookkeeping to use a ref","","missing","Sprint 22C projects.lang + install.lang bulk batch 6"
"lang/ms_MY/install.lang","InvoiceExportModelsMigration","Migrate invoice export models","","missing","Sprint 22C projects.lang + install.lang bulk batch 6"
"lang/ms_MY/install.lang","MigrationApiRestTokens","Migrate user's API keys to llx_oauth_token","","missing","Sprint 22C projects.lang + install.lang bulk batch 6"
"lang/ms_MY/install.lang","MigratedTokens","%s token(s) migrated","","missing","Sprint 22C projects.lang + install.lang bulk batch 6"
"lang/ms_MY/install.lang","InitAHMACKeyForBlockedLog","Initialization of the BLOCKEDLOG_HMAC_KEY constant for the new HMAC encryption of Unalterable Log module","","missing","Sprint 22C projects.lang + install.lang bulk batch 6"
"lang/ms_MY/install.lang","MigrationAlreadyDone","This migration appears to have already been completed.","","missing","Sprint 22C projects.lang + install.lang bulk batch 6"
